{"cameraMode":{"drawMode":0,"name":"Shaded","section":"Shading Mode"},"sceneLighting":false,"audioPlay":false,"sceneViewState":{"m_AlwaysRefresh":false,"showFog":true,"showSkybox":false,"showFlares":true,"showImageEffects":true,"showParticleSystems":true,"showVisualEffectGraphs":true,"m_FxEnabled":true},"in2DMode":false,"pivot":{"x":-0.8489760160446167,"y":0.34884846210479739,"z":-1.6191767454147339},"rotation":{"x":0.055773764848709109,"y":0.0002996029506903142,"z":-0.000019096769392490387,"w":0.9984744787216187},"size":0.8660257458686829,"orthographic":false}