{"cameraMode":{"drawMode":0,"name":"Shaded","section":"Shading Mode"},"sceneLighting":false,"audioPlay":false,"sceneViewState":{"m_AlwaysRefresh":false,"showFog":true,"showSkybox":false,"showFlares":true,"showImageEffects":true,"showParticleSystems":true,"showVisualEffectGraphs":true,"m_FxEnabled":true},"in2DMode":false,"pivot":{"x":-0.4209851622581482,"y":-0.043532874435186389,"z":0.4195912778377533},"rotation":{"x":-0.9954135417938232,"y":0.00426361383870244,"z":0.054093990474939349,"w":0.07930554449558258},"size":0.8660257458686829,"orthographic":false}