{"cameraMode":{"drawMode":0,"name":"Shaded","section":"Shading Mode"},"sceneLighting":true,"audioPlay":false,"sceneViewState":{"m_AlwaysRefresh":false,"showFog":true,"showSkybox":true,"showFlares":true,"showImageEffects":true,"showParticleSystems":true,"showVisualEffectGraphs":true,"m_FxEnabled":true},"in2DMode":false,"pivot":{"x":-0.7161911129951477,"y":9.926933288574219,"z":2.929077625274658},"rotation":{"x":0.20434778928756715,"y":-0.10259023308753967,"z":0.0231642946600914,"w":0.9738056659698486},"size":0.5156014561653137,"orthographic":false}