{"cameraMode":{"drawMode":0,"name":"Shaded","section":"Shading Mode"},"sceneLighting":true,"audioPlay":false,"sceneViewState":{"m_AlwaysRefresh":false,"showFog":true,"showSkybox":true,"showFlares":true,"showImageEffects":true,"showParticleSystems":true,"showVisualEffectGraphs":true,"m_FxEnabled":true},"in2DMode":false,"pivot":{"x":-1.3339532613754273,"y":12.635704040527344,"z":23.59010124206543},"rotation":{"x":-0.01737542264163494,"y":-0.03924506530165672,"z":-0.0007319033611565828,"w":0.9991596937179565},"size":13.24009895324707,"orthographic":false}