{"cameraMode":{"drawMode":0,"name":"Shaded","section":"Shading Mode"},"sceneLighting":true,"audioPlay":false,"sceneViewState":{"m_AlwaysRefresh":false,"showFog":true,"showSkybox":true,"showFlares":true,"showImageEffects":true,"showParticleSystems":true,"showVisualEffectGraphs":true,"m_FxEnabled":true},"in2DMode":false,"pivot":{"x":0.20125681161880494,"y":10.696351051330567,"z":1.6622117757797242},"rotation":{"x":0.07137908786535263,"y":-0.003323711222037673,"z":-0.0004985969862900674,"w":0.9978165030479431},"size":0.8660253882408142,"orthographic":false}