{"cameraMode":{"drawMode":0,"name":"Shaded","section":"Shading Mode"},"sceneLighting":false,"audioPlay":false,"sceneViewState":{"m_AlwaysRefresh":false,"showFog":true,"showSkybox":false,"showFlares":true,"showImageEffects":true,"showParticleSystems":true,"showVisualEffectGraphs":true,"m_FxEnabled":true},"in2DMode":false,"pivot":{"x":0.658553421497345,"y":0.6110422611236572,"z":-0.11154758185148239},"rotation":{"x":-0.22760406136512757,"y":0.3888784646987915,"z":-0.09968452155590058,"w":-0.8871831297874451},"size":0.8660257458686829,"orthographic":false}